"0",""
"0","library(sp)"
"0","library(rgeos)"
"0","library(rgdal)"
"0","library(leaflet)"
"0",""
"0","n <- read.csv(""New Data/Cleaned All/Classify Data/Classify_all.csv"", header = TRUE, as.is = TRUE)"
"0",""
"0","pitt <- readOGR(""GIS/Pittsburgh ShapeFiles/Pitt_censustracts2/pitt_censustracts2.shp"")"
"1","OGR data source with driver:"
"1"," "
"1","ESRI Shapefile"
"1"," "
"1","
"
"1","Source: """
"1",""
"1","/Users/Serena/Desktop/Summer Research Documents/GIS/Pittsburgh ShapeFiles/Pitt_censustracts2/pitt_censustracts2.shp"
"1",""
"1",""", layer: """
"1",""
"1","pitt_censustracts2"
"1",""
"1",""""
"1",""
"1","
"
"1","with"
"1"," "
"1","137"
"1"," "
"1","features"
"1","
"
"1","It has"
"1"," "
"1","12"
"1"," "
"1","fields"
"1","
"
"0","par(mar = c(5,6,3,6)) #original margins "
"0",""
"0","#merging"
"0","pitt <- merge(pitt, n, by.y = ""tract"", by.x = ""NAME"") "
"0",""
