{"chunk_definitions":[{"row":16,"row_count":1,"visible":true,"expansion_state":0,"options":{"engine":"r","label":"setup","include":false},"document_id":"A380ED00","chunk_id":"csetup_chunk","chunk_label":"setup"},{"row":33,"row_count":1,"visible":true,"expansion_state":0,"options":{"engine":"r","message":false,"warning":false,"echo":false,"results":"hide","label":"unnamed-chunk-2"},"document_id":"A380ED00","chunk_id":"c3ngiben670rm","chunk_label":"unnamed-chunk-1"},{"row":204,"row_count":1,"visible":true,"expansion_state":0,"options":{"engine":"r","label":"unnamed-chunk-3"},"document_id":"A380ED00","chunk_id":"cafy1bd8whwqq","chunk_label":"unnamed-chunk-2"},{"row":241,"row_count":1,"visible":true,"expansion_state":0,"options":{"engine":"r","fig.height":5,"fig.width":8,"label":"unnamed-chunk-7"},"document_id":"A380ED00","chunk_id":"c7a4drl4kaj9c","chunk_label":"unnamed-chunk-3"}],"doc_write_time":1638829179,"chunk_rendered_width":700}