"0","tract.gentrifiable <- n$tract[which(n$gentrifiable==1)]"
"0",""
"0","#DEFINITION 1"
"0","def1.neighborhoods <- n$neighborhood[which(n$def1.gentrifying==1)]"
"0","tract.gentrifiable <- n$tract[which(n$gentrifiable==1)]"
"0","def1.tract.gent <- n$tract[which(n$def1.gentrifying==1)]"
"0","def1.tract.na <- n$tract[which(is.na(n$def1.gentrifying))]"
"0",""
"0","#DEFINITION 2 "
"0","def2.neighborhoods <- n$neighborhood[which(n$def2.gentrifying==1)]"
"0","def2.tract.gent <- n$tract[which(n$def2.gentrifying==1)]"
"0","def2.tract.na <- n$tract[which(is.na(n$def2.gentrifying))]"
"0",""
"0","#DEFINITION 3"
"0","def3.neighborhoods.both <- n$neighborhood[which(n$def3.gentrifying.both==1)]"
"0","def3.neighborhoods.or <- n$neighborhood[which(n$def3.gentrifying.or==1)]"
"0",""
"0","def3.tract.gent.both <- n$tract[which(n$def3.gentrifying.both==1)]"
"0","def3.tract.gent.or <- n$tract[which(n$def3.gentrifying.or==1)]"
"0",""
"0","def3.tract.na.both <- n$tract[which(is.na(n$def3.gentrifying.both))]"
"0","def3.tract.na.or <- n$tract[which(is.na(n$def3.gentrifying.or))]"
"0",""
"0","#DEFINITION 4 - Increasing"
"0","def4.neighborhoods.i <- n$neighborhood[which(n$def4.gentrifying==1)]"
"0","def4.tract.gent.i <- n$tract[which(n$def4.gentrifying==1)]"
"0","def4.tract.na.i <- n$tract[which(is.na(n$def4.gentrifying))]"
"0",""
"0","#DEFINITION 4 - Decreasing"
"0","def4.neighborhoods.d <- n$neighborhood[which(n$def4.gentrifying2==1)]"
"0","def4.tract.gent.d <- n$tract[which(n$def4.gentrifying2==1)]"
"0","def4.tract.na.d <- n$tract[which(is.na(n$def4.gentrifying2))]"
"0",""
"0","#DEFINITION 5 - Increasing"
"0","def5.neighborhoods.i <- n$neighborhood[which(n$def5.gentrifying==1)]"
"0","def5.tract.gent.i <- n$tract[which(n$def5.gentrifying==1)]"
"0","def5.tract.na.i <- n$tract[which(is.na(n$def5.gentrifying))]"
"0",""
"0","#DEFINITION 5 - Decreasing"
"0","def5.neighborhoods.d <- n$neighborhood[which(n$def5.gentrifying2==1)]"
"0","def5.tract.gent.d <- n$tract[which(n$def5.gentrifying2==1)]"
"0","def5.tract.na.d <- n$tract[which(is.na(n$def5.gentrifying2))]"
"0",""
"0","#DEFINITION 6 - Increasing/Both"
"0","def6.neighborhoods.i.both <- n$neighborhood[which(n$def6.gentrifying.both==1)]"
"0","def6.tract.gent.i.both <- n$tract[which(n$def6.gentrifying.both==1)]"
"0","def6.tract.na.i.both <- n$tract[which(is.na(n$def6.gentrifying.both))]"
"0",""
"0","#DEFINITION 6 - Decreasing/Both"
"0","def6.neighborhoods.d.both <- n$neighborhood[which(n$def6.gentrifying2.both==1)]"
"0","def6.tract.gent.d.both <- n$tract[which(n$def6.gentrifying2.both==1)]"
"0","def6.tract.na.d.both <- n$tract[which(is.na(n$def6.gentrifying2.both))]"
"0",""
"0","#DEFINITION 6 - Increasing/Or"
"0","def6.neighborhoods.i.or <- n$neighborhood[which(n$def6.gentrifying.or==1)]"
"0","def6.tract.gent.i.or <- n$tract[which(n$def6.gentrifying.or==1)]"
"0","def6.tract.na.i.or <- n$tract[which(is.na(n$def6.gentrifying.or))]"
"0",""
"0","#DEFINITION 6 - Decreasing/Or"
"0","def6.neighborhoods.d.or <- n$neighborhood[which(n$def6.gentrifying2.or==1)]"
"0","def6.tract.gent.d.or <- n$tract[which(n$def6.gentrifying2.or==1)]"
"0","def6.tract.na.d.or <- n$tract[which(is.na(n$def6.gentrifying2.or))]"
"0",""
"0","#DEFINITION 7"
"0","def7.neighborhoods <- n$neighborhood[which(n$def7.gentrifying==1)]"
"0","def7.tract.gent <- n$tract[which(n$def7.gentrifying==1)]"
"0","def7.tract.na <- n$tract[which(is.na(n$def7.gentrifying))]"
"0",""
"0","#DEFINITION 8"
"0","def8.neighborhoods <- n$neighborhood[which(n$def8.gentrifying==1)]"
"0","def8.tract.gent <- n$tract[which(n$def8.gentrifying==1)]"
"0","def8.tract.na <- n$tract[which(is.na(n$def8.gentrifying))]"
"0",""
"0","#DEFINITION 9 - Both"
"0","def9.neighborhoods.both <- n$neighborhood[which(n$def9.gentrifying.both==1)]"
"0","def9.tract.gent.both <- n$tract[which(n$def9.gentrifying.both==1)]"
"0","def9.tract.na.both <- n$tract[which(is.na(n$def9.gentrifying.both))]"
"0",""
"0","#DEFINITION 9 - Or"
"0","def9.neighborhoods.or <- n$neighborhood[which(n$def9.gentrifying.or==1)]"
"0","def9.tract.gent.or <- n$tract[which(n$def9.gentrifying.or==1)]"
"0","def9.tract.na.or <- n$tract[which(is.na(n$def9.gentrifying.or))]"
"0",""
"0","#DEFINITION 10 - Increasing "
"0","def10.neighborhoods.i <- n$neighborhood[which(n$def10.gentrifying==1)]"
"0","def10.tract.gent.i <- n$tract[which(n$def10.gentrifying==1)]"
"0","def10.tract.na.i <- n$tract[which(is.na(n$def10.gentrifying))]"
"0",""
"0","#DEFINITION 10 - Decreasing  "
"0","def10.neighborhoods.d <- n$neighborhood[which(n$def10.gentrifying2==1)]"
"0","def10.tract.gent.d <- n$tract[which(n$def10.gentrifying2==1)]"
"0","def10.tract.na.d <- n$tract[which(is.na(n$def10.gentrifying2))]"
"0",""
"0","#DEFINITION 11 - Increasing "
"0","def11.neighborhoods.i <- n$neighborhood[which(n$def11.gentrifying==1)]"
"0","def11.tract.gent.i <- n$tract[which(n$def11.gentrifying==1)]"
"0","def11.tract.na.i <- n$tract[which(is.na(n$def11.gentrifying))]"
"0",""
"0","#DEFINITION 11 - Decreasing "
"0","def11.neighborhoods.d <- n$neighborhood[which(n$def11.gentrifying2==1)]"
"0","def11.tract.gent.d <- n$tract[which(n$def11.gentrifying2==1)]"
"0","def11.tract.na.d <- n$tract[which(is.na(n$def11.gentrifying2))]"
"0",""
"0","#DEFINITION 12 - Increasing/Both"
"0","def12.neighborhoods.i.both <- n$neighborhood[which(n$def12.gentrifying.both==1)]"
"0","def12.tract.gent.i.both <- n$tract[which(n$def12.gentrifying.both==1)]"
"0","def12.tract.na.i.both <- n$tract[which(is.na(n$def12.gentrifying.both))]"
"0",""
"0","#DEFINITION 12 - Decreasing/Both"
"0","def12.neighborhoods.d.both <- n$neighborhood[which(n$def12.gentrifying2.both==1)]"
"0","def12.tract.gent.d.both <- n$tract[which(n$def12.gentrifying2.both==1)]"
"0","def12.tract.na.d.both <- n$tract[which(is.na(n$def12.gentrifying2.both))]"
"0",""
"0","#DEFINITION 12 - Increasing/Or"
"0","def12.neighborhoods.i.or <- n$neighborhood[which(n$def12.gentrifying.or==1)]"
"0","def12.tract.gent.i.or <- n$tract[which(n$def12.gentrifying.or==1)]"
"0","def12.tract.na.i.or <- n$tract[which(is.na(n$def12.gentrifying.or))]"
"0",""
"0","#DEFINITION 12 - Decreasing/Or"
"0","def12.neighborhoods.d.or <- n$neighborhood[which(n$def12.gentrifying2.or==1)]"
"0","def12.tract.gent.d.or <- n$tract[which(n$def12.gentrifying2.or==1)]"
"0","def12.tract.na.d.or <- n$tract[which(is.na(n$def12.gentrifying2.or))]"
"0",""
"0","############################################################################################### "
"0",""
"0","#CREATING THE LISTS OF LISTS "
"0","#Fluid Definition "
"0","gentrifying.locations <- list(def1.tract.gent, def1.neighborhoods, "
"0","                              def2.tract.gent, def2.neighborhoods,"
"0","                              def3.tract.gent.both, def3.neighborhoods.both, "
"0","                              def3.tract.gent.or, def3.neighborhoods.or,"
"0","                              def4.tract.gent.i, def4.neighborhoods.i, "
"0","                              def4.tract.gent.d, def4.neighborhoods.d,"
"0","                              def5.tract.gent.i, def5.neighborhoods.i, "
"0","                              def5.tract.gent.d, def5.neighborhoods.d,"
"0","                              def6.tract.gent.i.both, def6.neighborhoods.i.both, "
"0","                              def6.tract.gent.d.both, def6.neighborhoods.d.both,"
"0","                              def6.tract.gent.i.or, def6.neighborhoods.i.or, "
"0","                              def6.tract.gent.d.or, def6.neighborhoods.d.or,"
"0","                              def7.tract.gent, def7.neighborhoods, "
"0","                              def8.tract.gent, def8.neighborhoods,"
"0","                              def9.tract.gent.both, def9.neighborhoods.both, "
"0","                              def9.tract.gent.or, def9.neighborhoods.or, "
"0","                              def10.tract.gent.i, def10.neighborhoods.i, "
"0","                              def10.tract.gent.d, def10.neighborhoods.d,"
"0","                              def11.tract.gent.i, def11.neighborhoods.i, "
"0","                              def11.tract.gent.d, def11.neighborhoods.d,"
"0","                              def12.tract.gent.i.both, def12.neighborhoods.i.both, "
"0","                              def12.tract.gent.d.both, def12.neighborhoods.d.both,"
"0","                              def12.tract.gent.i.or, def12.neighborhoods.i.or, "
"0","                              def12.tract.gent.d.or, def12.neighborhoods.d.or)"
"0",""
"0","names(gentrifying.locations) <- c(""D1"", ""N1"", "
"0","                                  ""D2"", ""N2"","
"0","                                  ""D3 Both"", ""N3 Both"", ""D3 Or"", ""N3 Or"","
"0","                                  ""D4 Inc"", ""N4 Inc"", ""D4 Dec"", ""N4 Dec"","
"0","                                  ""D5 Inc"", ""N5 Inc"", ""D5 Dec"", ""N5 Dec"","
"0","                                  ""D6 Inc/Both"", ""N6 Inc/Both"", ""D6 Dec/Both"", ""N6 Dec/Both"", "
"0","                                  ""D6 Inc/Or"", ""N6 Inc/Or"", ""D6 Dec/Or"", ""N6 Dec/Or"","
"0","                                  ""D7"", ""N7"", "
"0","                                  ""D8"", ""N8"","
"0","                                  ""D9 Both"", ""N9 Both"", ""D9 Or"", ""N9 Or"", "
"0","                                  ""D10 Inc"", ""N10 Inc"", ""D10 Dec"", ""N10 Dec"","
"0","                                  ""D11 Inc"", ""N11 Inc"", ""D11 Dec"", ""N11 Dec"", "
"0","                                  ""D12 Inc/Both"", ""N12 Inc/Both"", ""D12 Dec/Both"", ""N12 Dec/Both"", "
"0","                                  ""D12 Inc/Or"", ""N12 Inc/Or"", ""D12 Dec/Or"", ""N12 Dec/Or"")"
"0",""
"0",""
